Epoch,Update Target Network,Training Iter,Episode #,In Heatup,ER #Transitions,ER #Episodes,Episode Length,Total steps,Epsilon,Shaped Training Reward,Training Reward,Wall-Clock Time,Evaluation Reward,Shaped Evaluation Reward,Success Rate,Inverse Propensity Score,Direct Method Reward,Doubly Robust,Weighted Importance Sampling,Sequential Doubly Robust,Loss/Mean,Loss/Stdev,Loss/Max,Loss/Min,Learning Rate/Mean,Learning Rate/Stdev,Learning Rate/Max,Learning Rate/Min,Grads (unclipped)/Mean,Grads (unclipped)/Stdev,Grads (unclipped)/Max,Grads (unclipped)/Min,Discounted Return/Mean,Discounted Return/Stdev,Discounted Return/Max,Discounted Return/Min,Q/Mean,Q/Stdev,Q/Max,Q/Min
0,0.0,,,,,,,,,,,,,,,,,,,,,,,,,,,,,,,,,,,,,,,
1,0.0,66.0,0.0,0.0,5202.0,1183.0,0.0,0.0,0.0,0.0,0.0,0.003459453582763672,,,,,,,,,1527.38750668728,844.1773223122774,2931.5693187713623,59.952049255371094,0.00010000000000000003,2.710505431213761e-20,0.0001,0.0001,12.38514518737793,2.7793960571289062,23.90146827697754,6.886035442352295,,,,,-0.33788788318634033,2.80228328704834,10.0,-10.075725555419922
2,1.0,132.0,0.0,0.0,5202.0,1183.0,0.0,0.0,0.0,0.0,0.0,0.42127490043640137,,,,-243807.20600444317,-5.95120906829834,-64995.45187180314,-77.69316626811435,-2.2698615555541785e+22,1310.31506431464,746.712117335176,2587.659303665161,39.05223083496094,0.00010000000000000003,2.710505431213761e-20,0.0001,0.0001,15.493606567382812,3.75165057182312,26.420127868652344,7.661210536956787,,,,,-0.7354092001914978,2.935999631881714,10.0,-12.24800968170166
3,0.0,198.0,0.0,0.0,5202.0,1183.0,0.0,0.0,0.0,0.0,0.0,0.8111331462860107,,,,-147041.4193525913,-5.807379245758057,-54884.470544013566,-54.00643933742072,-2255655374392.441,1144.3054565082896,631.7982849074085,2209.4581718444824,25.757774353027344,0.00010000000000000003,2.710505431213761e-20,0.0001,0.0001,18.601892471313477,4.559192657470703,36.33453369140625,9.927685737609863,,,,,-1.282364010810852,3.2217066287994385,10.0,-12.24800968170166
4,1.0,264.0,0.0,0.0,5202.0,1183.0,0.0,0.0,0.0,0.0,0.0,1.1820580959320068,,,,-146019.5556957825,-5.803740501403809,-54702.03102080377,-59.94361801997068,-2257558362371.4863,1206.4085969924927,697.0163267033657,2376.685613632202,17.048046112060547,0.00010000000000000003,2.710505431213761e-20,0.0001,0.0001,21.871267318725586,5.170701026916504,33.459529876708984,10.250957489013672,,,,,-1.779190182685852,3.772287607192993,10.0,-15.446497917175293
5,1.0,330.0,0.0,0.0,5202.0,1183.0,0.0,0.0,0.0,0.0,0.0,1.5561223030090332,,,,-145787.849790443,-5.807931900024414,-54672.71189227461,-40.02067002745751,-2257078195681.725,1114.6708493377223,684.1534444299497,2408.1237630844116,36.54581069946289,0.00010000000000000003,2.710505431213761e-20,0.0001,0.0001,23.854398727416992,10.924145698547363,101.27352905273438,13.87204647064209,,,,,-2.1281135082244873,4.1575398445129395,10.0,-18.182649612426758
6,0.0,396.0,0.0,0.0,5202.0,1183.0,0.0,0.0,0.0,0.0,0.0,1.9283015727996826,,,,-139404.3827735514,-6.42016077041626,-54295.553210287486,-1.6361920579677547,-2243004674408.469,1256.810957590739,716.2330143952929,2471.4381141662598,44.54494857788086,0.00010000000000000003,2.710505431213761e-20,0.0001,0.0001,24.805997848510742,7.159496307373047,52.0295524597168,14.795572280883789,,,,,-2.3384463787078857,4.513491630554199,10.0,-18.182649612426758
7,1.0,462.0,0.0,0.0,5202.0,1183.0,0.0,0.0,0.0,0.0,0.0,2.3004844188690186,,,,-230057.9825789416,-7.133999347686768,-89412.74839697946,4.6161556671443575,-115979.96675564958,1394.0779532230263,806.8438340590699,2821.6964778900146,31.883947372436523,0.00010000000000000003,2.710505431213761e-20,0.0001,0.0001,27.334430694580078,7.202654838562012,67.42060852050781,16.685104370117188,,,,,-2.4370148181915283,4.91989278793335,10.0,-20.224037170410156
8,1.0,528.0,0.0,0.0,5202.0,1183.0,0.0,0.0,0.0,0.0,0.0,2.677922010421753,,,,-264141.38760406687,-7.24507474899292,-101127.33921614625,4.010180703085657,-109521.82495904018,1366.6200022552953,796.0785839574735,2783.993019104004,50.8633918762207,0.00010000000000000003,2.710505431213761e-20,0.0001,0.0001,29.590431213378906,11.103325843811035,100.10941314697266,14.87179183959961,,,,,-2.5954368114471436,5.247095108032227,10.0,-22.233078002929688
9,0.0,594.0,0.0,0.0,5202.0,1183.0,0.0,0.0,0.0,0.0,0.0,3.041783332824707,,,,-264498.01652885403,-7.467641353607178,-101144.17941601781,3.364463201859707,-110925.62927418167,1449.1525621414185,804.9339901813712,2859.5891704559326,36.99867630004883,0.00010000000000000003,2.710505431213761e-20,0.0001,0.0001,31.79431915283203,14.98814868927002,138.5438995361328,17.1760196685791,,,,,-2.7422873973846436,5.623494625091553,10.0,-22.233078002929688
10,1.0,660.0,0.0,0.0,5202.0,1183.0,0.0,0.0,0.0,0.0,0.0,3.416699171066284,,,,-265906.6723168409,-7.886859893798828,-101138.02864583266,2.8145154604851497,-180828.60704940915,1485.5517154317913,873.2216998576803,3005.2221879959106,29.432432174682617,0.00010000000000000003,2.710505431213761e-20,0.0001,0.0001,34.32033157348633,9.691059112548828,64.01206970214844,18.592119216918945,,,,,-2.8592498302459717,6.012146949768066,10.0,-25.533708572387695
11,1.0,726.0,0.0,0.0,5202.0,1183.0,0.0,0.0,0.0,0.0,0.0,3.7932465076446533,,,,-313767.7895678545,-7.846180438995361,-102989.57591569674,1.8917553923201924,-265326097.00438297,1475.8406471194644,888.6683031401828,3000.564033508301,39.035221099853516,0.00010000000000000003,2.710505431213761e-20,0.0001,0.0001,37.53724670410156,12.197778701782227,77.52908325195312,17.564252853393555,,,,,-3.0444114208221436,6.371520519256592,10.0,-28.813806533813477
12,0.0,792.0,0.0,0.0,5202.0,1183.0,0.0,0.0,0.0,0.0,0.0,4.154384136199951,,,,-425746.9634049584,-7.581929683685303,-102368.61558052152,7.749840641689795,-968973631.2297515,1559.1224750461001,891.8215429085211,3135.1031398773193,68.1025390625,0.00010000000000000003,2.710505431213761e-20,0.0001,0.0001,41.00747299194336,15.302669525146484,118.3935546875,20.704240798950195,,,,,-3.2272489070892334,6.7574357986450195,10.0,-28.813806533813477
13,1.0,858.0,0.0,0.0,5202.0,1183.0,0.0,0.0,0.0,0.0,0.0,4.515403747558594,,,,-759002.3528609718,-7.460225582122803,-92743.53847292688,7.714215475580061,-4946342283.700355,1770.6111257437503,1059.2168678251267,3520.0876960754395,58.66416931152344,0.00010000000000000003,2.710505431213761e-20,0.0001,0.0001,51.11207580566406,22.775474548339844,178.45216369628906,20.65941619873047,,,,,-3.3825414180755615,7.221852779388428,10.0,-33.095359802246094
14,1.0,924.0,0.0,0.0,5202.0,1183.0,0.0,0.0,0.0,0.0,0.0,4.894394874572754,,,,-1401532.711336724,-7.490248203277588,-50370.3367268173,6.619565215743415,-23768874380.555565,1682.0704016251998,1029.1520531040499,3545.0389194488525,43.48221206665039,0.00010000000000000003,2.710505431213761e-20,0.0001,0.0001,53.485450744628906,19.7420711517334,124.77500915527344,24.076736450195312,,,,,-3.403284788131714,7.5430908203125,10.0,-36.89520263671875
15,0.0,990.0,0.0,0.0,5202.0,1183.0,0.0,0.0,0.0,0.0,0.0,5.261451482772827,,,,-1677067.1490516455,-7.539551734924316,-30432.34204650415,7.678776624043093,-72363704003.17444,1907.4818691484857,1060.2916788589791,3694.270025253296,59.48339080810547,0.00010000000000000003,2.710505431213761e-20,0.0001,0.0001,57.13121795654297,20.863515853881836,109.24850463867188,24.123537063598633,,,,,-3.6938440799713135,7.951610565185547,10.0,-36.89520263671875
16,1.0,1056.0,0.0,0.0,5202.0,1183.0,0.0,0.0,0.0,0.0,0.0,5.600385665893555,,,,-1644926.4358543558,-7.531571865081787,-28629.25773132925,7.155956114708967,-1725169728442.2124,2005.298281062733,1154.2105185136127,4194.049900054932,89.6517333984375,0.00010000000000000003,2.710505431213761e-20,0.0001,0.0001,66.65001678466797,37.788002014160156,324.2911682128906,20.220922470092773,,,,,-3.9166247844696045,8.383411407470703,10.0,-41.192848205566406
17,1.0,1122.0,0.0,0.0,5202.0,1183.0,0.0,0.0,0.0,0.0,0.0,5.983480453491211,,,,-1682848.9353139575,-7.530204772949219,-29003.29658073951,7.119057212091186,-3254936440152.0215,2009.6116238796349,1239.0479372047353,4166.809942245483,40.13737869262695,0.00010000000000000003,2.710505431213761e-20,0.0001,0.0001,68.8897705078125,30.096677780151367,236.5748748779297,29.962722778320312,,,,,-4.1834893226623535,8.777432441711426,10.0,-45.09320831298828
18,0.0,1188.0,0.0,0.0,5202.0,1183.0,0.0,0.0,0.0,0.0,0.0,6.364179849624634,,,,-1378073.9344464175,-7.51174259185791,-24416.24491939372,2.140325324059871,-46356190908666.57,2326.980373729359,1283.4236746410284,4391.957830429077,27.31650161743164,0.00010000000000000003,2.710505431213761e-20,0.0001,0.0001,73.36284637451172,28.243932723999023,177.05235290527344,28.531044006347656,,,,,-4.409429550170898,9.22701358795166,10.0,-45.09320831298828
19,1.0,1254.0,0.0,0.0,5202.0,1183.0,0.0,0.0,0.0,0.0,0.0,6.759054899215698,,,,-908073.1830939222,-7.461292743682861,-16739.138029214766,0.3652772553903355,-49925135758592.62,2307.3626182151565,1417.9665217665033,4758.420112609863,113.67208099365234,0.00010000000000000003,2.710505431213761e-20,0.0001,0.0001,79.09761047363281,25.545495986938477,156.21165466308594,37.371803283691406,,,,,-4.541194438934326,9.711095809936523,10.0,-48.86547088623047
20,1.0,1320.0,0.0,0.0,5202.0,1183.0,0.0,0.0,0.0,0.0,0.0,7.136826515197754,,,,-504692.8699097644,-7.440903663635254,-10642.751949069481,0.22965002405247967,-18719546635215.844,2454.7884588964057,1368.5390653080487,4876.839913368225,93.79804992675781,0.00010000000000000003,2.710505431213761e-20,0.0001,0.0001,84.08995056152344,28.474119186401367,154.71868896484375,32.48127365112305,,,,,-4.836173057556152,10.177092552185059,10.0,-52.74601364135742
21,0.0,1386.0,0.0,0.0,5202.0,1183.0,0.0,0.0,0.0,0.0,0.0,7.522174835205078,,,,-311850.5872875245,-7.426259994506836,-7616.283580664424,0.2314689167147655,-3931220508810.961,2675.5666863990555,1479.1544625233096,5164.288047790527,152.43165588378906,0.00010000000000000003,2.710505431213761e-20,0.0001,0.0001,94.79931640625,41.74966049194336,213.11407470703125,22.72698211669922,,,,,-5.103668212890625,10.70762825012207,10.105290412902832,-52.74601364135742
22,1.0,1452.0,0.0,0.0,5202.0,1183.0,0.0,0.0,0.0,0.0,0.0,7.900848388671875,,,,-123086.55805365482,-7.4085307121276855,-4427.061286699425,3.611602433139981,-20840986465.556717,2731.6041919534855,1716.6836164677222,5640.5118618011475,47.99375534057617,0.00010000000000000003,2.710505431213761e-20,0.0001,0.0001,102.20911407470703,46.96914291381836,280.7052917480469,44.79496383666992,,,,,-5.375570774078369,11.246804237365723,10.0,-56.648895263671875
23,1.0,1518.0,0.0,0.0,5202.0,1183.0,0.0,0.0,0.0,0.0,0.0,8.27602481842041,,,,-79646.71989414279,-7.413712978363037,-3745.8126067387734,5.69794766369575,-5830179410.186499,2837.319401798826,1589.0440019252298,5834.923948287964,94.53840637207031,0.00010000000000000003,2.710505431213761e-20,0.0001,0.0001,109.64790344238281,54.50643539428711,393.8354187011719,41.34040832519531,,,,,-5.496991157531738,11.635323524475098,10.108560562133789,-59.33279800415039
24,0.0,1584.0,0.0,0.0,5202.0,1183.0,0.0,0.0,0.0,0.0,0.0,8.638641595840454,,,,-58952.55401452219,-7.411087512969971,-3378.667162811912,6.959659461722057,-1224253399.045725,3089.314140262026,1751.8269206772113,5912.312696456909,57.75242233276367,0.00010000000000000003,2.710505431213761e-20,0.0001,0.0001,115.71099090576172,45.11772918701172,265.72125244140625,48.217716217041016,,,,,-5.8222479820251465,12.202136039733887,10.037850379943848,-59.33279800415039
25,1.0,1650.0,0.0,0.0,5202.0,1183.0,0.0,0.0,0.0,0.0,0.0,8.990878820419312,,,,-53291.870114614,-7.405195236206055,-3256.137640470272,7.5294213650704584,-956332142.13266,3257.094433213725,1823.5562503257456,6293.517757892609,215.44430541992188,0.00010000000000000003,2.710505431213761e-20,0.0001,0.0001,116.1058349609375,48.32310485839844,299.2330017089844,36.122528076171875,,,,,-5.951834678649902,12.672722816467285,10.085865020751953,-62.69203186035156
26,1.0,1716.0,0.0,0.0,5202.0,1183.0,0.0,0.0,0.0,0.0,0.0,9.366117000579834,,,,-52676.07124631286,-7.404520034790039,-3242.8027171484455,7.564831854263497,-954907650.5888051,3309.806727322665,1920.4371174583464,6458.045383453369,28.075428009033203,0.00010000000000000003,2.710505431213761e-20,0.0001,0.0001,127.90864562988281,52.06855010986328,312.8076171875,52.25083923339844,,,,,-6.045556545257568,13.108845710754395,10.191527366638184,-65.27465057373047
27,0.0,1782.0,0.0,0.0,5202.0,1183.0,0.0,0.0,0.0,0.0,0.0,9.750728607177734,,,,-51714.2544600808,-7.397136688232422,-3223.915091691974,7.779842510384635,-954517096.9346774,3496.7981575474596,1936.5018837204668,6713.638372421265,109.51005554199219,0.00010000000000000003,2.710505431213761e-20,0.0001,0.0001,142.9759521484375,56.52070617675781,317.5395812988281,44.91288757324219,,,,,-6.277819633483887,13.584646224975586,10.110026359558105,-65.27465057373047
28,1.0,1848.0,0.0,0.0,5202.0,1183.0,0.0,0.0,0.0,0.0,0.0,10.151327848434448,,,,-51667.85758825859,-7.406103610992432,-3222.7418966782984,7.773631359725316,-954257969.2854213,3552.6201974406385,2019.3532023962903,7064.401132583618,69.02861022949219,0.00010000000000000003,2.710505431213761e-20,0.0001,0.0001,133.43386840820312,48.17593002319336,262.9463806152344,54.98905944824219,,,,,-6.559919357299805,14.083864212036133,10.103433609008789,-68.87411499023438
29,1.0,1914.0,0.0,0.0,5202.0,1183.0,0.0,0.0,0.0,0.0,0.0,10.554445743560791,,,,-51675.62832533442,-7.4097113609313965,-3222.3150079493794,7.7242756426116,-954029924.8140051,3773.8373613357544,2091.9232021129433,7267.10835647583,89.88223266601562,0.00010000000000000003,2.710505431213761e-20,0.0001,0.0001,143.3448486328125,60.32436752319336,337.7673645019531,52.11543655395508,,,,,-6.872889041900635,14.561858177185059,10.155009269714355,-71.33219909667969
30,0.0,1980.0,0.0,0.0,5202.0,1183.0,0.0,0.0,0.0,0.0,0.0,11.015601396560669,,,,-51614.18008619871,-7.412519931793213,-3220.0565884939692,7.744008709481959,-953825829.8654221,4101.415084029689,2243.534445788624,7656.256149291992,202.43833923339844,0.00010000000000000003,2.710505431213761e-20,0.0001,0.0001,162.71717834472656,66.50128936767578,374.6065368652344,57.84247589111328,,,,,-7.245090961456299,15.137977600097656,10.481582641601562,-71.33219909667969
31,1.0,2046.0,0.0,0.0,5202.0,1183.0,0.0,0.0,0.0,0.0,0.0,11.390341520309448,,,,-51586.42281990318,-7.412877082824707,-3218.8618121417744,7.804458876624981,-953425662.9585153,3848.7452731565995,2177.32814019856,7850.5305519104,169.39471435546875,0.00010000000000000003,2.710505431213761e-20,0.0001,0.0001,160.82521057128906,68.67447662353516,418.2386169433594,51.40388488769531,,,,,-7.417115211486816,15.567864418029785,10.412099838256836,-73.51386260986328
32,1.0,2112.0,0.0,0.0,5202.0,1183.0,0.0,0.0,0.0,0.0,0.0,11.758297443389893,,,,-51586.70490590086,-7.412020206451416,-3219.1302952026845,7.8014869331409376,-953227940.5429276,4094.5078475258565,2360.814466279083,8117.382141113281,102.04887390136719,0.00010000000000000003,2.710505431213761e-20,0.0001,0.0001,172.69627380371094,98.37001037597656,659.5709228515625,53.67231369018555,,,,,-7.439339637756348,15.902474403381348,10.768136024475098,-75.62506866455078
33,0.0,2178.0,0.0,0.0,5202.0,1183.0,0.0,0.0,0.0,0.0,0.0,12.132543563842773,,,,-51584.75747174406,-7.414551258087158,-3217.8490849023165,7.803015166455087,-953001555.456833,3953.622476230968,2460.835402345201,8177.9558963775635,54.00297546386719,0.00010000000000000003,2.710505431213761e-20,0.0001,0.0001,156.41346740722656,58.625980377197266,318.4393615722656,27.341529846191406,,,,,-7.733508110046387,16.322282791137695,10.6989107131958,-75.62506866455078
34,1.0,2244.0,0.0,0.0,5202.0,1183.0,0.0,0.0,0.0,0.0,0.0,12.511171579360962,,,,-51585.81752867216,-7.410123825073242,-3219.8120147396708,7.807182419482934,-952588485.7597646,4115.749671531446,2472.0760850042493,8601.033742904663,57.088584899902344,0.00010000000000000003,2.710505431213761e-20,0.0001,0.0001,175.7610321044922,82.98297882080078,404.0523376464844,47.69565963745117,,,,,-7.775690078735352,16.73609161376953,11.169512748718262,-77.82716369628906
35,1.0,2310.0,0.0,0.0,5202.0,1183.0,0.0,0.0,0.0,0.0,0.0,12.882488250732422,,,,-51584.17866507544,-7.415484428405762,-3217.266789452649,7.805053931650325,-952406964.2168365,4145.372462099249,2497.120010258797,8547.302129745483,135.1930694580078,0.00010000000000000003,2.710505431213761e-20,0.0001,0.0001,180.00216674804688,85.91352844238281,439.236328125,71.13360595703125,,,,,-7.903674602508545,17.03299331665039,10.966041564941406,-78.81613159179688
36,0.0,2376.0,0.0,0.0,5202.0,1183.0,0.0,0.0,0.0,0.0,0.0,13.240481853485107,,,,-51582.31525132148,-7.414528846740723,-3217.718420065429,7.807515017964268,-951975237.599353,4381.463001598011,2464.751446390258,9159.451202392578,69.14997100830078,0.00010000000000000003,2.710505431213761e-20,0.0001,0.0001,194.22239685058594,118.09210205078125,969.80908203125,62.748435974121094,,,,,-7.84504508972168,17.29224967956543,11.273882865905762,-78.81613159179688
37,1.0,2442.0,0.0,0.0,5202.0,1183.0,0.0,0.0,0.0,0.0,0.0,13.609054327011108,,,,-51481.320987110084,-7.416213035583496,-3211.0989194675262,7.806879369608671,-946587985.5900284,4595.86455894239,2381.1130769345546,8717.261449813843,77.0285415649414,0.00010000000000000003,2.710505431213761e-20,0.0001,0.0001,175.9961395263672,59.10441207885742,347.28070068359375,70.32691192626953,,,,,-7.99081563949585,17.57892417907715,11.443414688110352,-80.12934112548828
38,1.0,2508.0,0.0,0.0,5202.0,1183.0,0.0,0.0,0.0,0.0,0.0,13.991190195083618,,,,-51533.683982144204,-7.4179840087890625,-3213.4049923990538,7.806072431499035,-948853539.0466769,4566.9179036111545,2565.8625943613038,8773.487070083618,69.43071746826172,0.00010000000000000003,2.710505431213761e-20,0.0001,0.0001,168.8558807373047,62.41179656982422,376.04022216796875,66.34883117675781,,,,,-8.26914119720459,17.989912033081055,11.035370826721191,-81.92412567138672
39,0.0,2574.0,0.0,0.0,5202.0,1183.0,0.0,0.0,0.0,0.0,0.0,14.363837003707886,,,,-51425.3375671977,-7.41737174987793,-3207.42191633843,7.804259980975847,-943101479.0897802,4449.614363092364,2694.633929047733,9085.535108566284,62.2681999206543,0.00010000000000000003,2.710505431213761e-20,0.0001,0.0001,188.69253540039062,76.05340576171875,411.3210144042969,65.82691955566406,,,,,-8.243436813354492,18.282167434692383,11.11945915222168,-81.92412567138672
40,1.0,2640.0,0.0,0.0,5202.0,1183.0,0.0,0.0,0.0,0.0,0.0,14.747373104095459,,,,-48481.53525309034,-7.417529582977295,-3041.17115548889,7.805222713268394,-789946700.5228015,4728.584451039632,2598.6996436681657,9752.018949508667,110.28929138183594,0.00010000000000000003,2.710505431213761e-20,0.0001,0.0001,207.7194366455078,151.47447204589844,1207.31689453125,55.91090393066406,,,,,-8.475484848022461,18.61332893371582,11.224748611450195,-83.744140625
41,1.0,2706.0,0.0,0.0,5202.0,1183.0,0.0,0.0,0.0,0.0,0.0,15.132788896560669,,,,-20909.00473891397,-7.4133524894714355,-1485.5330807801063,7.803829657530206,-58911918.51279901,4983.155334010269,2573.9537626417537,9245.209394454956,170.37876892089844,0.00010000000000000003,2.710505431213761e-20,0.0001,0.0001,188.78439331054688,86.44429016113281,477.06134033203125,46.05776596069336,,,,,-8.465145111083984,18.788049697875977,11.240532875061035,-83.89492797851562
42,0.0,2772.0,0.0,0.0,5202.0,1183.0,0.0,0.0,0.0,0.0,0.0,15.513554811477661,,,,-3637.088493715554,-7.410621166229248,-511.1872148849464,7.801695934033892,-162957.29908505065,4248.495574806676,2730.3553117991487,9258.64923286438,72.32544708251953,0.00010000000000000003,2.710505431213761e-20,0.0001,0.0001,179.9901123046875,70.06245422363281,423.0519714355469,66.69087219238281,,,,,-8.356341361999512,18.94747543334961,11.395974159240723,-83.89492797851562
43,1.0,2838.0,0.0,0.0,5202.0,1183.0,0.0,0.0,0.0,0.0,0.0,15.900495767593384,,,,-1051.360001116337,-7.411749839782715,-364.7592754075141,7.797642855855003,-923.0794395152537,5033.470167998112,2598.05349981798,9917.905471801758,100.09413146972656,0.00010000000000000003,2.710505431213761e-20,0.0001,0.0001,219.6577911376953,188.02252197265625,1510.655517578125,56.35993957519531,,,,,-8.662592887878418,19.19127655029297,10.808887481689453,-84.93048858642578
44,1.0,2904.0,0.0,0.0,5202.0,1183.0,0.0,0.0,0.0,0.0,0.0,16.291815996170044,,,,-1159.7111946906382,-7.413689613342285,-370.7729888358543,7.779619025760455,-1175.1480864158787,4687.930797211148,2820.727144578908,9346.874964416027,97.24302673339844,0.00010000000000000003,2.710505431213761e-20,0.0001,0.0001,192.2023468017578,95.80464935302734,479.6639099121094,19.758420944213867,,,,,-8.944619178771973,19.5550479888916,10.890477180480957,-86.6894302368164
45,0.0,2970.0,0.0,0.0,5202.0,1183.0,0.0,0.0,0.0,0.0,0.0,16.66575026512146,,,,-832.5401813212618,-7.413202285766602,-352.3464753648972,7.771979766635132,-777.1324861126342,5275.079764279452,2838.6063884439723,9765.060091018677,75.87394714355469,0.00010000000000000003,2.710505431213761e-20,0.0001,0.0001,207.1748809814453,88.76383972167969,459.0459899902344,68.74964904785156,,,,,-8.988768577575684,19.77530860900879,10.758801460266113,-86.6894302368164
46,1.0,3036.0,0.0,0.0,5202.0,1183.0,0.0,0.0,0.0,0.0,0.0,17.054243564605713,,,,-772.0081679466366,-7.411132335662842,-349.048971473738,7.775969163102239,-771.4957173895525,5007.243345491814,2978.015118234506,9926.85908126831,39.56494140625,0.00010000000000000003,2.710505431213761e-20,0.0001,0.0001,203.2812957763672,98.69279479980469,486.0260009765625,43.18573760986328,,,,,-8.904923439025879,19.93627166748047,10.858108520507812,-87.90116119384766
47,1.0,3102.0,0.0,0.0,5202.0,1183.0,0.0,0.0,0.0,0.0,0.0,17.445605039596558,,,,-770.012759181085,-7.404925346374512,-349.4104571839508,7.781766452065307,-776.5035664334878,5288.224001855561,2967.4213363532613,9886.833791732788,193.5143280029297,0.00010000000000000003,2.710505431213761e-20,0.0001,0.0001,201.36538696289062,80.75130462646484,405.38720703125,76.31731414794922,,,,,-8.99769401550293,20.097774505615234,10.987558364868164,-87.90116119384766
48,0.0,3168.0,0.0,0.0,5202.0,1183.0,0.0,0.0,0.0,0.0,0.0,17.828441619873047,,,,-768.9753302798242,-7.397727012634277,-350.05203727188217,7.775562870014918,-777.7300149260042,5337.808421915228,2828.62979971923,9900.904304504395,48.01247787475586,0.00010000000000000003,2.710505431213761e-20,0.0001,0.0001,213.06259155273438,110.55332946777344,480.60089111328125,82.90670776367188,,,,,-9.086616516113281,20.313997268676758,10.969182968139648,-88.13101959228516
49,1.0,3234.0,0.0,0.0,5202.0,1183.0,0.0,0.0,0.0,0.0,0.0,18.205636501312256,,,,-768.0712154086139,-7.390688896179199,-350.6192103978698,7.75690484248131,-774.0105473584993,4799.151325341427,3032.739531972939,9896.95683479309,74.01129150390625,0.00010000000000000003,2.710505431213761e-20,0.0001,0.0001,208.2744903564453,94.69058227539062,556.088134765625,54.72006607055664,,,,,-9.127950668334961,20.504032135009766,10.736425399780273,-89.01350402832031
50,1.0,3300.0,0.0,0.0,5202.0,1183.0,0.0,0.0,0.0,0.0,0.0,18.57423734664917,,,,-768.2332131743224,-7.390430927276611,-350.9174062758045,7.752323950160254,-775.932439568491,5060.551965973594,2912.643030978656,9879.419564247131,117.38818359375,0.00010000000000000003,2.710505431213761e-20,0.0001,0.0001,217.8817901611328,94.86907958984375,469.6636962890625,46.110084533691406,,,,,-9.211146354675293,20.61518096923828,10.686067581176758,-89.01350402832031
51,0.0,3366.0,0.0,0.0,5202.0,1183.0,0.0,0.0,0.0,0.0,0.0,18.960728883743286,,,,-768.4781986359679,-7.390876293182373,-350.89491748407573,7.738682473790848,-782.2424692234133,5174.399773814462,2864.2912093581213,9986.157328605652,55.54624557495117,0.00010000000000000003,2.710505431213761e-20,0.0001,0.0001,209.265380859375,90.80831909179688,493.7685852050781,63.71186065673828,,,,,-9.135578155517578,20.771909713745117,10.798528671264648,-89.57987213134766
52,1.0,3432.0,0.0,0.0,5202.0,1183.0,0.0,0.0,0.0,0.0,0.0,19.340445041656494,,,,-772.9917580603272,-7.389688968658447,-353.94643899271,7.707652536710879,-793.4857706672594,4991.38258043925,2706.5838188462003,10002.621709823608,53.68069839477539,0.00010000000000000003,2.710505431213761e-20,0.0001,0.0001,206.98228454589844,76.36787414550781,409.3227233886719,80.3906478881836,,,,,-9.325750350952148,20.93204116821289,10.33250904083252,-89.92227935791016
53,0.0,3498.0,0.0,0.0,5202.0,1183.0,0.0,0.0,0.0,0.0,0.0,19.719090700149536,,,,-780.2404673385851,-7.388175010681152,-359.3231376809184,7.457273358050725,-820.184914769551,4828.939550067439,2800.0431464169455,9958.141871452332,187.1638641357422,0.00010000000000000003,2.710505431213761e-20,0.0001,0.0001,218.67962646484375,108.96926879882812,791.915283203125,60.32796096801758,,,,,-9.475214004516602,21.08639907836914,10.168505668640137,-89.92227935791016
54,1.0,3564.0,0.0,0.0,5202.0,1183.0,0.0,0.0,0.0,0.0,0.0,20.108513355255127,,,,-778.3450907491165,-7.379398345947266,-360.2451202870543,7.478506597798432,-842.2399030444022,5322.954658392704,2952.6875733636675,10151.079496383667,362.602294921875,0.00010000000000000003,2.710505431213761e-20,0.0001,0.0001,217.1138916015625,87.05118560791016,459.3064270019531,45.87344741821289,,,,,-9.240238189697266,21.132862091064453,10.248190879821777,-90.63163757324219
55,1.0,3630.0,0.0,0.0,5202.0,1183.0,0.0,0.0,0.0,0.0,0.0,20.486815452575684,,,,-794.2486848588647,-7.376697540283203,-368.42117354504416,7.359757478983922,-911.7452019256361,5149.006555412755,2888.4295438648433,10185.071182250977,18.255962371826172,0.00010000000000000003,2.710505431213761e-20,0.0001,0.0001,206.14083862304688,98.0838394165039,443.8353576660156,51.67149353027344,,,,,-9.296390533447266,21.250450134277344,10.376603126525879,-90.72048950195312
56,0.0,3696.0,0.0,0.0,5202.0,1183.0,0.0,0.0,0.0,0.0,0.0,20.870696544647217,,,,-822.9417030069825,-7.375701904296875,-385.8056971412012,7.198509525553279,-1016.7477236776427,5838.040506045024,2934.062448107541,10164.336305618286,65.53662109375,0.00010000000000000003,2.710505431213761e-20,0.0001,0.0001,220.7186279296875,111.96546936035156,754.0911254882812,65.79415130615234,,,,,-9.38704776763916,21.38092613220215,10.366175651550293,-90.72048950195312
57,1.0,3762.0,0.0,0.0,5202.0,1183.0,0.0,0.0,0.0,0.0,0.0,21.250205993652344,,,,-1003.3471423585037,-7.369859218597412,-482.1546372488651,6.682262105434007,-1721.2033482445524,5397.44357398062,2821.6404591721453,10093.363878250122,151.23062133789062,0.00010000000000000003,2.710505431213761e-20,0.0001,0.0001,219.28128051757812,115.15581512451172,598.8941650390625,57.224361419677734,,,,,-9.48073673248291,21.541311264038086,10.138311386108398,-91.42424011230469
58,1.0,3828.0,0.0,0.0,5202.0,1183.0,0.0,0.0,0.0,0.0,0.0,21.635526180267334,,,,-1508.7318941553572,-7.381250381469727,-729.1316524642507,3.5543363387129396,-3836.096936788657,4997.853962970503,2711.682704668158,10056.803225517273,174.6255340576172,0.00010000000000000003,2.710505431213761e-20,0.0001,0.0001,217.00364685058594,102.27217102050781,580.185546875,65.17386627197266,,,,,-9.428380012512207,21.663841247558594,10.401479721069336,-91.42424011230469
59,0.0,3894.0,0.0,0.0,5202.0,1183.0,0.0,0.0,0.0,0.0,0.0,21.981244325637817,,,,-1829.382812999445,-7.375758171081543,-890.7613111507152,4.6877787321310915,-5169.374154194193,5334.152679652879,2736.5564236208997,9934.82681131363,148.88262939453125,0.00010000000000000003,2.710505431213761e-20,0.0001,0.0001,215.57127380371094,103.82289123535156,562.189697265625,71.09042358398438,,,,,-9.495986938476562,21.766019821166992,10.339097023010254,-90.88217163085938
60,1.0,3960.0,0.0,0.0,5202.0,1183.0,0.0,0.0,0.0,0.0,0.0,22.365135669708252,,,,-2506.67444266593,-7.367420673370361,-1234.7600311804524,4.539071415767262,-8093.418229861684,5255.22579487526,2866.4671349876876,10155.650494337082,61.15734100341797,0.00010000000000000003,2.710505431213761e-20,0.0001,0.0001,221.46083068847656,108.75159454345703,658.6907348632812,33.8458251953125,,,,,-9.635985374450684,21.98270034790039,10.35581111907959,-92.0639419555664
61,1.0,4026.0,0.0,0.0,5202.0,1183.0,0.0,0.0,0.0,0.0,0.0,22.746111392974854,,,,-4474.040862671903,-7.368058681488037,-2220.232773768609,3.805290355713006,-16663.503038079918,5130.981595039368,2777.0547601015132,10183.795618057251,147.82388305664062,0.00010000000000000003,2.710505431213761e-20,0.0001,0.0001,214.71145629882812,86.20504760742188,395.1970520019531,45.503726959228516,,,,,-9.542919158935547,21.994510650634766,10.294093132019043,-92.74935150146484
62,0.0,4092.0,0.0,0.0,5202.0,1183.0,0.0,0.0,0.0,0.0,0.0,23.111230611801147,,,,-7160.711645273411,-7.369511127471924,-3545.231896182648,3.6166370598228013,-28549.285370402315,5720.32533793016,3058.1844884223196,10304.454118728638,243.13221740722656,0.00010000000000000003,2.710505431213761e-20,0.0001,0.0001,232.0463104248047,109.9178466796875,511.719482421875,63.613792419433594,,,,,-9.604551315307617,22.10894775390625,10.191641807556152,-92.74935150146484
63,1.0,4158.0,0.0,0.0,5202.0,1183.0,0.0,0.0,0.0,0.0,0.0,23.48996639251709,,,,-11202.238527965785,-7.383212089538574,-5551.826539569082,2.031769479282421,-46634.05410189807,4692.990127202236,3109.69266120855,10301.974144935608,41.370731353759766,0.00010000000000000003,2.710505431213761e-20,0.0001,0.0001,209.04408264160156,97.45047760009766,551.6348876953125,66.05477905273438,,,,,-9.853668212890625,22.436119079589844,10.35712718963623,-93.32342529296875
64,1.0,4224.0,0.0,0.0,5202.0,1183.0,0.0,0.0,0.0,0.0,0.0,23.86551547050476,,,,-13775.600241065215,-7.394745349884033,-6836.322370109702,1.9140998561208382,-57926.677047436235,5016.451477000208,2910.2377205457706,10122.700600147247,84.0866470336914,0.00010000000000000003,2.710505431213761e-20,0.0001,0.0001,209.9818572998047,106.27024841308594,636.0615234375,43.7585563659668,,,,,-9.68875503540039,22.32472038269043,10.120035171508789,-93.32339477539062
65,0.0,4290.0,0.0,0.0,5202.0,1183.0,0.0,0.0,0.0,0.0,0.0,24.24011516571045,,,,-12475.067627338856,-7.390244007110596,-6198.467565627154,1.8947852344112768,-52117.00989242371,5401.3448142138395,2811.842165287446,10197.105340957642,451.02740478515625,0.00010000000000000003,2.710505431213761e-20,0.0001,0.0001,244.54376220703125,141.5289764404297,938.2020263671875,49.74282455444336,,,,,-9.860363960266113,22.421653747558594,10.298327445983887,-91.96273040771484
66,1.0,4356.0,0.0,0.0,5202.0,1183.0,0.0,0.0,0.0,0.0,0.0,24.61998414993286,,,,-18584.549028442143,-7.4027533531188965,-9217.983947166158,5.1092593585111015,-78888.54741054132,5112.850967089335,2881.7397275616268,9970.68921661377,32.911895751953125,0.00010000000000000003,2.710505431213761e-20,0.0001,0.0001,209.890380859375,96.29102325439453,494.29931640625,70.20014190673828,,,,,-9.492486953735352,22.495412826538086,10.38359546661377,-92.45474243164062
67,1.0,4422.0,0.0,0.0,5202.0,1183.0,0.0,0.0,0.0,0.0,0.0,24.995028257369995,,,,-19462.870391414977,-7.405952453613281,-9656.173903415844,5.430109115111407,-82570.4555913894,4865.746656417847,3104.851062084498,9943.373361587524,270.9801330566406,0.00010000000000000003,2.710505431213761e-20,0.0001,0.0001,222.4528045654297,104.03463745117188,489.0331115722656,73.17080688476562,,,,,-9.529472351074219,22.493301391601562,10.173555374145508,-92.45663452148438
68,0.0,4488.0,0.0,0.0,5202.0,1183.0,0.0,0.0,0.0,0.0,0.0,25.34071660041809,,,,-19098.97185635307,-7.411401271820068,-9541.497390872913,4.781997098460313,-80721.17937787873,5099.6576720440025,3056.878491578412,10084.946338653564,39.726905822753906,0.00010000000000000003,2.710505431213761e-20,0.0001,0.0001,213.0036163330078,92.10873413085938,486.52227783203125,71.23843383789062,,,,,-9.78856086730957,22.614225387573242,10.430475234985352,-92.45663452148438
69,1.0,4554.0,0.0,0.0,5202.0,1183.0,0.0,0.0,0.0,0.0,0.0,25.72015118598938,,,,-18628.509538931798,-7.408866882324219,-9288.903722863217,4.090900168086705,-78659.10014937384,4818.752146648638,3000.654205184539,10015.334739685059,55.95006561279297,0.00010000000000000003,2.710505431213761e-20,0.0001,0.0001,210.59906005859375,103.81658935546875,472.7785339355469,51.4597282409668,,,,,-9.503800392150879,22.68992805480957,10.50301456451416,-92.7817611694336
70,1.0,4620.0,0.0,0.0,5202.0,1183.0,0.0,0.0,0.0,0.0,0.0,26.09040117263794,,,,-17416.791348219438,-7.402894020080566,-8648.125211521958,3.0583863166070158,-73448.8903686137,4351.296218178489,3002.403302399579,10021.646957397461,89.29704284667969,0.00010000000000000003,2.710505431213761e-20,0.0001,0.0001,211.3802947998047,105.52274322509766,544.3880615234375,70.76782989501953,,,,,-9.661442756652832,22.860069274902344,10.345475196838379,-93.31765747070312
71,0.0,4686.0,0.0,0.0,5202.0,1183.0,0.0,0.0,0.0,0.0,0.0,26.463067531585693,,,,-19474.379503983397,-7.408470630645752,-9667.875597375694,4.519338952756563,-81941.34155511545,5014.762358679916,3035.420074724109,10024.950226783752,58.052913665771484,0.00010000000000000003,2.710505431213761e-20,0.0001,0.0001,215.71136474609375,116.52145385742188,541.45947265625,41.8925666809082,,,,,-9.8118314743042,22.95486831665039,10.349166870117188,-93.31765747070312
72,1.0,4752.0,0.0,0.0,5202.0,1183.0,0.0,0.0,0.0,0.0,0.0,26.843154907226562,,,,-18674.975423449672,-7.40720796585083,-9278.700429271641,3.8783043171847584,-78129.82842326535,4488.224617536998,2883.7271289177856,9885.32303224504,85.08744812011719,0.00010000000000000003,2.710505431213761e-20,0.0001,0.0001,221.29913330078125,109.33563232421875,530.8220825195312,3.7379045486450195,,,,,-9.460331916809082,22.909555435180664,10.524701118469238,-93.31765747070312
73,1.0,4818.0,0.0,0.0,5202.0,1183.0,0.0,0.0,0.0,0.0,0.0,27.220004081726074,,,,-19766.496694744135,-7.418174743652344,-9916.191442824324,5.119808424819436,-81174.60706259022,5263.620359131784,2847.1831511599125,10423.441816329956,291.3865966796875,0.00010000000000000003,2.710505431213761e-20,0.0001,0.0001,235.47181701660156,205.24745178222656,1545.1197509765625,65.92860412597656,,,,,-9.534761428833008,22.93419647216797,10.500799179077148,-92.22772216796875
74,0.0,4884.0,0.0,0.0,5202.0,1183.0,0.0,0.0,0.0,0.0,0.0,27.580394983291626,,,,-18455.281549711497,-7.413739204406738,-9241.193951903408,3.6292950547382214,-75013.94638723323,4681.373294534105,2920.843223308552,9646.979880809784,32.26284408569336,0.00010000000000000003,2.710505431213761e-20,0.0001,0.0001,206.02963256835938,106.033935546875,545.0383911132812,44.40003967285156,,,,,-9.344429016113281,22.785518646240234,10.447660446166992,-91.61729431152344
75,1.0,4950.0,0.0,0.0,5202.0,1183.0,0.0,0.0,0.0,0.0,0.0,27.95754623413086,,,,-20397.654101071534,-7.424144744873047,-10240.130531168545,4.284782025882931,-79202.3641516918,5054.679135300897,2754.2702397280127,9518.90542936325,169.3831329345703,0.00010000000000000003,2.710505431213761e-20,0.0001,0.0001,214.77883911132812,103.00257110595703,517.347412109375,34.2086181640625,,,,,-9.368489265441895,22.68099021911621,10.457429885864258,-91.61729431152344
76,1.0,5016.0,0.0,0.0,5202.0,1183.0,0.0,0.0,0.0,0.0,0.0,28.34955859184265,,,,-22141.19838723336,-7.443756580352783,-11257.231680776096,4.995533861527575,-80421.28916341804,4827.387016498681,2733.395643965815,10413.805484771729,175.21658325195312,0.00010000000000000003,2.710505431213761e-20,0.0001,0.0001,240.48654174804688,233.94845581054688,1973.1014404296875,57.487388610839844,,,,,-9.384353637695312,22.754661560058594,10.656942367553711,-91.46378326416016
77,0.0,5082.0,0.0,0.0,5202.0,1183.0,0.0,0.0,0.0,0.0,0.0,28.71444272994995,,,,-22178.03198242298,-7.451447010040283,-11345.77005130191,4.304142160501975,-76940.0625757292,5359.352118694421,2804.611277263713,9584.330936431885,359.0937805175781,0.00010000000000000003,2.710505431213761e-20,0.0001,0.0001,209.0435791015625,102.15180206298828,540.222412109375,71.8054428100586,,,,,-9.698602676391602,22.86082649230957,10.43178939819336,-91.46378326416016
78,1.0,5148.0,0.0,0.0,5202.0,1183.0,0.0,0.0,0.0,0.0,0.0,29.274905920028687,,,,-24982.57149684176,-7.466947078704834,-12824.234382642173,6.5924669771710365,-84245.8175833944,4731.872385227319,2699.796192579564,9465.430203437805,178.42111206054688,0.00010000000000000003,2.710505431213761e-20,0.0001,0.0001,203.08673095703125,112.83905792236328,551.625,40.25999450683594,,,,,-9.481886863708496,22.836530685424805,10.455788612365723,-91.46378326416016
79,1.0,5214.0,0.0,0.0,5202.0,1183.0,0.0,0.0,0.0,0.0,0.0,29.6611270904541,,,,-22881.489217857932,-7.463209629058838,-11789.871713074088,4.0241051522039655,-75079.36707255551,5059.053967244698,2691.8858525430473,9435.92246723175,172.45712280273438,0.00010000000000000003,2.710505431213761e-20,0.0001,0.0001,212.49061584472656,128.19212341308594,836.10302734375,54.27986145019531,,,,,-9.730812072753906,22.956645965576172,10.38172435760498,-91.0000228881836
80,0.0,5280.0,0.0,0.0,5202.0,1183.0,0.0,0.0,0.0,0.0,0.0,29.998335361480713,,,,-24478.637521322813,-7.467496871948242,-12593.770130206069,5.518154040369121,-81417.04910767126,4666.410226590706,2956.825748800172,9475.362228393555,20.7690486907959,0.00010000000000000003,2.710505431213761e-20,0.0001,0.0001,209.5013427734375,134.31204223632812,705.8286743164062,52.30775451660156,,,,,-9.8789701461792,23.211143493652344,10.462930679321289,-91.0000228881836
81,1.0,5346.0,0.0,0.0,5202.0,1183.0,0.0,0.0,0.0,0.0,0.0,30.34806799888611,,,,-24393.021337988746,-7.4661545753479,-12536.238361586473,5.438710687426839,-81039.49568044738,5147.7570017901335,2826.8944003036663,9479.902835845947,16.915983200073242,0.00010000000000000003,2.710505431213761e-20,0.0001,0.0001,199.9936065673828,111.98387908935547,554.5598754882812,39.02845764160156,,,,,-9.598564147949219,23.13239097595215,10.41817569732666,-91.0000228881836
82,1.0,5412.0,0.0,0.0,5202.0,1183.0,0.0,0.0,0.0,0.0,0.0,30.69565987586975,,,,-24109.480552812453,-7.467281341552734,-12409.44588867359,5.0731007990867765,-79676.78887568516,4555.966484344367,2984.3396647946397,9393.90878200531,42.656219482421875,0.00010000000000000003,2.710505431213761e-20,0.0001,0.0001,200.46609497070312,97.74143981933594,502.38043212890625,55.293819427490234,,,,,-9.752774238586426,23.189022064208984,10.57306957244873,-90.91804504394531
83,0.0,5478.0,0.0,0.0,5202.0,1183.0,0.0,0.0,0.0,0.0,0.0,31.017503261566162,,,,-23691.767418987343,-7.464578151702881,-12211.387140397077,4.6271073896249515,-77850.57977408699,5051.545474074103,2719.4042341792015,9379.423235416412,60.82395935058594,0.00010000000000000003,2.710505431213761e-20,0.0001,0.0001,207.350830078125,94.94535064697266,470.2798156738281,52.57910919189453,,,,,-9.783041954040527,23.2269229888916,10.421616554260254,-90.91804504394531
84,1.0,5544.0,0.0,0.0,5202.0,1183.0,0.0,0.0,0.0,0.0,0.0,31.3413348197937,,,,-25259.04124628494,-7.496009826660156,-12984.633645245198,6.638290329533102,-84283.10638339234,5261.199303843759,2665.3442933885044,9386.84989452362,191.0019989013672,0.00010000000000000003,2.710505431213761e-20,0.0001,0.0001,202.26853942871094,110.18132019042969,574.4668579101562,54.32054138183594,,,,,-9.720632553100586,23.212291717529297,10.471036911010742,-90.91804504394531
85,1.0,5610.0,0.0,0.0,5202.0,1183.0,0.0,0.0,0.0,0.0,0.0,31.664762258529663,,,,-23981.33397943005,-7.581882953643799,-12348.274647336604,4.887581870757263,-79032.28700070783,4629.043629559604,2702.2422730827643,9341.815280914307,39.018795013427734,0.00010000000000000003,2.710505431213761e-20,0.0001,0.0001,209.3767852783203,94.24992370605469,528.5398559570312,72.32894134521484,,,,,-9.646087646484375,23.348051071166992,10.762505531311035,-91.25242614746094
86,0.0,5676.0,0.0,0.0,5202.0,1183.0,0.0,0.0,0.0,0.0,0.0,31.991131067276,,,,-23766.240350906508,-7.595967769622803,-12250.392282811123,4.683897761373373,-78105.0712767971,5506.948515920928,2828.0374393195734,9483.032007217407,224.46401977539062,0.00010000000000000003,2.710505431213761e-20,0.0001,0.0001,206.4539794921875,112.94652557373047,668.1838989257812,64.1390380859375,,,,,-9.67398738861084,23.299928665161133,10.912456512451172,-91.25242614746094
87,1.0,5742.0,0.0,0.0,5202.0,1183.0,0.0,0.0,0.0,0.0,0.0,32.55536937713623,,,,-24637.139355598283,-7.603785514831543,-12684.232985882514,5.737832287600142,-81687.8996481729,5333.190913265402,2897.852083650269,10482.528103351593,217.09716796875,0.00010000000000000003,2.710505431213761e-20,0.0001,0.0001,229.92344665527344,220.71109008789062,1798.1553955078125,36.14510726928711,,,,,-10.005334854125977,23.698898315429688,10.644242286682129,-92.79486083984375
88,1.0,5808.0,0.0,0.0,5202.0,1183.0,0.0,0.0,0.0,0.0,0.0,32.89802265167236,,,,-24465.755588969965,-7.61779260635376,-12600.823490172452,5.507024866218194,-80967.48842977246,5266.046090053789,3012.8467345854915,9728.992344856262,55.32659149169922,0.00010000000000000003,2.710505431213761e-20,0.0001,0.0001,206.8606719970703,108.11077117919922,600.5860595703125,51.78183364868164,,,,,-9.918238639831543,23.653736114501953,10.80623722076416,-92.79486083984375
89,0.0,5874.0,0.0,0.0,5202.0,1183.0,0.0,0.0,0.0,0.0,0.0,33.2127902507782,,,,-23736.6773215206,-7.592303276062012,-12240.955674128823,4.6772329153065355,-77938.20159736859,4873.975526983088,2765.8260135487894,9541.560203552246,142.38076782226562,0.00010000000000000003,2.710505431213761e-20,0.0001,0.0001,208.95489501953125,102.84944915771484,554.9730834960938,44.38870620727539,,,,,-9.824335098266602,23.682153701782227,11.025808334350586,-91.63101196289062
90,1.0,5940.0,0.0,0.0,5202.0,1183.0,0.0,0.0,0.0,0.0,0.0,33.61009454727173,,,,-24340.677539543813,-7.598643779754639,-12538.102752802673,5.347826604725201,-80436.56099115874,5135.8595204786825,2909.3282548651505,9573.525479316711,335.9261779785156,0.00010000000000000003,2.710505431213761e-20,0.0001,0.0001,205.68649291992188,98.5497055053711,542.88134765625,39.88728713989258,,,,,-10.073953628540039,23.85890007019043,10.894120216369629,-92.54571533203125
91,1.0,6006.0,0.0,0.0,5202.0,1183.0,0.0,0.0,0.0,0.0,0.0,33.984474658966064,,,,-23003.680008949646,-7.582152843475342,-11875.919066182829,4.081574909103177,-74823.72891122957,4397.589028011669,2747.285314530002,9684.492334365845,46.602516174316406,0.00010000000000000003,2.710505431213761e-20,0.0001,0.0001,195.07354736328125,91.45703887939453,464.5376281738281,40.12640380859375,,,,,-10.088937759399414,23.985515594482422,11.022577285766602,-93.360595703125
92,0.0,6072.0,0.0,0.0,5202.0,1183.0,0.0,0.0,0.0,0.0,0.0,34.359087228775024,,,,-23725.398010789573,-7.5651421546936035,-12235.621697453173,4.706807799161809,-77847.59639262495,4907.067320130088,2991.5453217169547,9776.026483535767,92.5900650024414,0.00010000000000000003,2.710505431213761e-20,0.0001,0.0001,224.32376098632812,127.76249694824219,716.9851684570312,69.15074920654297,,,,,-10.398981094360352,24.139272689819336,10.846261024475098,-93.360595703125
93,1.0,6138.0,0.0,0.0,5202.0,1183.0,0.0,0.0,0.0,0.0,0.0,34.972989320755005,,,,-23739.548901367598,-7.570104598999023,-12243.486800825325,4.69792695499995,-77872.43284286383,4836.2887465592585,2800.4140421136476,9803.430546760559,193.34054565429688,0.00010000000000000003,2.710505431213761e-20,0.0001,0.0001,205.68397521972656,99.45462036132812,484.4570617675781,63.0998420715332,,,,,-10.366504669189453,24.200407028198242,10.882485389709473,-93.52862548828125
94,1.0,6204.0,0.0,0.0,5202.0,1183.0,0.0,0.0,0.0,0.0,0.0,35.447301387786865,,,,-24934.9687508313,-7.57672643661499,-12835.106229538293,6.2333040474696775,-82847.48545047693,5148.639281691927,2992.4521539048283,9902.77629995346,3.6819796562194824,0.00010000000000000003,2.710505431213761e-20,0.0001,0.0001,213.93186950683594,105.60811614990234,481.48846435546875,28.98117446899414,,,,,-10.318218231201172,24.238019943237305,11.245499610900879,-94.06443786621094
95,0.0,6270.0,0.0,0.0,5202.0,1183.0,0.0,0.0,0.0,0.0,0.0,36.01827621459961,,,,-20259.27844200549,-7.588863849639893,-10513.687457125536,2.788576855176032,-63089.294455825824,5389.06908936934,2895.5705474298134,10060.879880905151,226.40773010253906,0.00010000000000000003,2.710505431213761e-20,0.0001,0.0001,216.57440185546875,116.1048355102539,536.0452270507812,35.02745819091797,,,,,-10.10470962524414,24.22743034362793,11.882716178894043,-94.06443786621094
96,1.0,6336.0,0.0,0.0,5202.0,1183.0,0.0,0.0,0.0,0.0,0.0,36.3531928062439,,,,-20143.749496559194,-7.574648380279541,-10455.558061601876,2.778814105124601,-62620.82820278311,5212.697647961703,3162.453099834147,12175.288427352905,290.17791748046875,0.00010000000000000003,2.710505431213761e-20,0.0001,0.0001,251.5234375,243.89813232421875,1927.6553955078125,73.44636535644531,,,,,-10.482528686523438,24.58202362060547,11.514627456665039,-95.47391510009766
97,1.0,6402.0,0.0,0.0,5202.0,1183.0,0.0,0.0,0.0,0.0,0.0,36.674710750579834,,,,-14947.67916173532,-7.555783271789551,-7877.170734102568,2.226360447676903,-40554.66294258201,5592.638622175564,2987.957289502977,10235.776146411896,459.24212646484375,0.00010000000000000003,2.710505431213761e-20,0.0001,0.0001,212.1012420654297,114.11024475097656,655.3856811523438,37.445499420166016,,,,,-10.520590782165527,24.650205612182617,11.272321701049805,-95.47391510009766
98,0.0,6468.0,0.0,0.0,5202.0,1183.0,0.0,0.0,0.0,0.0,0.0,36.99291515350342,,,,-18635.874546240353,-7.5618062019348145,-9711.718263199933,2.431219216390522,-56069.13667187562,4575.415412035855,2600.5168059545854,9953.681928634644,41.29329299926758,0.00010000000000000003,2.710505431213761e-20,0.0001,0.0001,214.44081115722656,111.3755111694336,629.4869384765625,61.38753128051758,,,,,-10.367729187011719,24.606708526611328,11.612350463867188,-93.87222290039062
99,1.0,6534.0,0.0,0.0,5202.0,1183.0,0.0,0.0,0.0,0.0,0.0,37.56799554824829,,,,-20757.594302888738,-7.55739688873291,-10765.59622836976,2.929916848162471,-65120.569710557094,5338.692408301614,2856.422531287541,10033.894666671753,370.4099426269531,0.00010000000000000003,2.710505431213761e-20,0.0001,0.0001,209.021728515625,96.13337707519531,568.0392456054688,52.874488830566406,,,,,-10.445029258728027,24.69268226623535,11.677300453186035,-94.4833984375
100,1.0,6600.0,0.0,0.0,5202.0,1183.0,0.0,0.0,0.0,0.0,0.0,37.972238540649414,,,,-21054.64384886,-7.550066947937012,-10913.833299756776,3.0327202752454956,-66354.08468473263,5240.789775198156,2928.5794295341,10123.482110023499,38.42995071411133,0.00010000000000000003,2.710505431213761e-20,0.0001,0.0001,220.0315704345703,134.50648498535156,804.7760009765625,44.32346725463867,,,,,-10.364872932434082,24.741966247558594,11.846026420593262,-94.4833984375
